{
  "properties": {
    "connectionReferences": {
      "shared_commondataserviceforapps_1": {
        "runtimeSource": "embedded",
        "connection": {
          "connectionReferenceLogicalName": "ahbpa_sharedcommondataserviceforapps_347f7"
        },
        "api": {
          "name": "shared_commondataserviceforapps"
        }
      }
    },
    "definition": {
      "$schema": "https://schema.management.azure.com/providers/Microsoft.Logic/schemas/2016-06-01/workflowdefinition.json#",
      "contentVersion": "1.0.0.0",
      "parameters": {
        "$connections": {
          "defaultValue": {},
          "type": "Object"
        },
        "$authentication": {
          "defaultValue": {},
          "type": "SecureObject"
        },
        "HealthBotAPI (ahbpa_HealthBotAPI)": {
          "defaultValue": "https://bot-us.healthbot.microsoft.com/api/tenants/healthbotteams-bxjmcdg/beginScenario",
          "type": "String",
          "metadata": {
            "schemaName": "ahbpa_HealthBotAPI"
          }
        },
        "HealthBotScenarioToCall (ahbpa_HealthBotScenarioToCall)": {
          "defaultValue": "/scenarios/postnewmessage",
          "type": "String",
          "metadata": {
            "schemaName": "ahbpa_HealthBotScenarioToCall"
          }
        },
        "HealthBotTokenAPI (ahbpa_HealthBotTokenAPI)": {
          "defaultValue": " https://healthbottokenapiservice.azurewebsites.net/v1.0/HealthBotToken",
          "type": "String",
          "metadata": {
            "schemaName": "ahbpa_HealthBotTokenAPI"
          }
        },
        "HealthBotTokenPayload (ahbpa_HealthBotTokenPayload)": {
          "defaultValue": {
            "tenantName": "healthbotteams-bxjmcdg",
            "jWTSecret": "d37faa329a1a271ba73a7a70957c266b754f0c220575c065d8a704ed5160d927"
          },
          "type": "Object",
          "metadata": {
            "schemaName": "ahbpa_HealthBotTokenPayload"
          }
        },
        "HealthBotTokenAPIKey (ahbpa_HealthBotTokenAPIKey)": {
          "defaultValue": "VuadMUdcz4EhgoS1PC6qxAJM3fDdjM1bgKaqwX0qlqARjORmLSisaQ==",
          "type": "String",
          "metadata": {
            "schemaName": "ahbpa_HealthBotTokenAPIKey"
          }
        }
      },
      "triggers": {
        "manual": {
          "metadata": {
            "operationMetadataId": "01c96f70-ff06-4bf7-a6ec-f2ccf7c1f2ba"
          },
          "type": "Request",
          "kind": "Http",
          "inputs": {
            "schema": {
              "type": "object",
              "properties": {
                "messageToPost": {
                  "type": "string"
                },
                "teamName": {
                  "type": "string"
                },
                "channelName": {
                  "type": "string"
                }
              }
            }
          }
        }
      },
      "actions": {
        "List_rows_from_DataVerse": {
          "runAfter": {},
          "metadata": {
            "operationMetadataId": "dfdbd4cf-9b1b-42c0-a933-91d281ec3480"
          },
          "type": "OpenApiConnection",
          "inputs": {
            "host": {
              "connectionName": "shared_commondataserviceforapps_1",
              "operationId": "ListRecords",
              "apiId": "/providers/Microsoft.PowerApps/apis/shared_commondataserviceforapps"
            },
            "parameters": {
              "entityName": "ahbpa_teamsuserconversationcontexts",
              "$select": "ahbpa_botid,ahbpa_channelid,ahbpa_conversationid,ahbpa_serviceurl,ahbpa_user_aadobjectid,ahbpa_userid,ahbpa_channelname,ahbpa_teamname",
              "$filter": "ahbpa_channelid ne 'directline' and ahbpa_teamname eq '@{triggerBody()?['teamName']}' and ahbpa_channelname eq '@{triggerBody()?['channelName']}'"
            },
            "authentication": "@parameters('$authentication')"
          }
        },
        "Parse_JSON_-_Value_Array": {
          "runAfter": {
            "List_rows_from_DataVerse": [
              "Succeeded"
            ]
          },
          "metadata": {
            "operationMetadataId": "926a0c2a-9802-4b18-a99f-92bf15acd735"
          },
          "type": "ParseJson",
          "inputs": {
            "content": "@outputs('List_rows_from_DataVerse')?['body/value']",
            "schema": {
              "type": "array",
              "items": {
                "type": "object",
                "properties": {
                  "@@odata.type": {
                    "type": "string"
                  },
                  "@@odata.id": {
                    "type": "string"
                  },
                  "@@odata.etag": {
                    "type": "string"
                  },
                  "@@odata.editLink": {
                    "type": "string"
                  },
                  "ahbpa_botid": {
                    "type": "string"
                  },
                  "ahbpa_channelid": {
                    "type": "string"
                  },
                  "ahbpa_conversationid": {
                    "type": "string"
                  },
                  "ahbpa_serviceurl": {
                    "type": "string"
                  },
                  "ahbpa_user_aadobjectid": {
                    "type": "string"
                  },
                  "ahbpa_userid": {
                    "type": "string"
                  },
                  "ahbpa_teamsuserconversationcontextid@odata.type": {
                    "type": "string"
                  },
                  "ahbpa_teamsuserconversationcontextid": {
                    "type": "string"
                  }
                },
                "required": [
                  "@@odata.type",
                  "@@odata.id",
                  "@@odata.etag",
                  "@@odata.editLink",
                  "ahbpa_botid",
                  "ahbpa_channelid",
                  "ahbpa_conversationid",
                  "ahbpa_serviceurl",
                  "ahbpa_user_aadobjectid",
                  "ahbpa_userid",
                  "ahbpa_teamsuserconversationcontextid@odata.type",
                  "ahbpa_teamsuserconversationcontextid"
                ]
              }
            }
          }
        },
        "Apply_to_each_-_For_each_user": {
          "foreach": "@body('Parse_JSON_-_Value_Array')",
          "actions": {
            "HTTP_-_Post_message_to_the_user": {
              "runAfter": {},
              "metadata": {
                "operationMetadataId": "fb4aa62d-8d2e-4b4c-830b-6b6375cc2469"
              },
              "type": "Http",
              "inputs": {
                "method": "POST",
                "uri": "@parameters('HealthBotAPI (ahbpa_HealthBotAPI)')",
                "headers": {
                  "Authorization": "Bearer @{variables('varJWTToken')}"
                },
                "body": {
                  "address": {
                    "user": {
                      "id": "@{items('Apply_to_each_-_For_each_user')?['ahbpa_userid']}",
                      "aadObjectId": "@{items('Apply_to_each_-_For_each_user')?['ahbpa_user_aadobjectid']}"
                    },
                    "bot": {
                      "id": "@{items('Apply_to_each_-_For_each_user')?['ahbpa_botid']}"
                    },
                    "conversation": {
                      "id": "@{items('Apply_to_each_-_For_each_user')?['ahbpa_conversationid']}",
                      "isGroup": true,
                      "conversationType": "channel"
                    },
                    "channelId": "@{items('Apply_to_each_-_For_each_user')?['ahbpa_channelid']}",
                    "serviceUrl": "@{items('Apply_to_each_-_For_each_user')?['ahbpa_serviceurl']}"
                  },
                  "scenario": "@{variables('varScenarioToCall')}",
                  "args": {
                    "messageToPost": "@{triggerBody()?['messageToPost']}",
                    "userId": "@{items('Apply_to_each_-_For_each_user')['ahbpa_userid']}",
                    "conversationId": "@{items('Apply_to_each_-_For_each_user')['ahbpa_conversationid']}"
                  }
                }
              }
            }
          },
          "runAfter": {
            "Initialize_variable_-_Store_healthbot_token": [
              "Succeeded"
            ]
          },
          "metadata": {
            "operationMetadataId": "6e598a44-eb94-475f-a564-a765d405e1b5"
          },
          "type": "Foreach"
        },
        "Initialize_variable_-_Healthbot_Scenario": {
          "runAfter": {
            "Parse_JSON_-_Value_Array": [
              "Succeeded"
            ]
          },
          "metadata": {
            "operationMetadataId": "6ccca46f-768f-407c-84ba-ec174c2c82a6"
          },
          "type": "InitializeVariable",
          "inputs": {
            "variables": [
              {
                "name": "varScenarioToCall",
                "type": "string",
                "value": "@parameters('HealthBotScenarioToCall (ahbpa_HealthBotScenarioToCall)')"
              }
            ]
          }
        },
        "HTTP_-_Get_Healthbot_Token": {
          "runAfter": {
            "Initialize_variable_-_Healthbot_Scenario": [
              "Succeeded"
            ]
          },
          "metadata": {
            "operationMetadataId": "13175e78-cabe-4493-91e9-ced20f6e2d04"
          },
          "type": "Http",
          "inputs": {
            "method": "POST",
            "uri": "@parameters('HealthBotTokenAPI (ahbpa_HealthBotTokenAPI)')",
            "headers": {
              "x-functions-key": "@parameters('HealthBotTokenAPIKey (ahbpa_HealthBotTokenAPIKey)')"
            },
            "body": "@parameters('HealthBotTokenPayload (ahbpa_HealthBotTokenPayload)')"
          }
        },
        "Parse_JSON_-_Healthbot_Token": {
          "runAfter": {
            "HTTP_-_Get_Healthbot_Token": [
              "Succeeded"
            ]
          },
          "metadata": {
            "operationMetadataId": "56df3874-4bdf-4f72-a04e-078465c35163"
          },
          "type": "ParseJson",
          "inputs": {
            "content": "@body('HTTP_-_Get_Healthbot_Token')",
            "schema": {
              "type": "object",
              "properties": {
                "token": {
                  "type": "string"
                }
              }
            }
          }
        },
        "Initialize_variable_-_Store_healthbot_token": {
          "runAfter": {
            "Parse_JSON_-_Healthbot_Token": [
              "Succeeded"
            ]
          },
          "metadata": {
            "operationMetadataId": "86bf3e0f-d2b5-46c8-bb98-172549539071"
          },
          "type": "InitializeVariable",
          "inputs": {
            "variables": [
              {
                "name": "varJWTToken",
                "type": "string",
                "value": "@body('Parse_JSON_-_Healthbot_Token')?['token']"
              }
            ]
          }
        }
      },
      "outputs": {}
    }
  },
  "schemaVersion": "1.0.0.0"
}