{
  "properties": {
    "connectionReferences": {
      "shared_commondataserviceforapps_1": {
        "runtimeSource": "embedded",
        "connection": {
          "connectionReferenceLogicalName": "ahbpa_sharedcommondataserviceforapps_347f7"
        },
        "api": {
          "name": "shared_commondataserviceforapps"
        }
      },
      "shared_office365users": {
        "runtimeSource": "embedded",
        "connection": {
          "connectionReferenceLogicalName": "ahbpa_sharedoffice365users_44465"
        },
        "api": {
          "name": "shared_office365users"
        }
      },
      "shared_azurequeues": {
        "runtimeSource": "embedded",
        "connection": {
          "connectionReferenceLogicalName": "ahbpa_sharedazurequeues_78316"
        },
        "api": {
          "name": "shared_azurequeues"
        }
      }
    },
    "definition": {
      "$schema": "https://schema.management.azure.com/providers/Microsoft.Logic/schemas/2016-06-01/workflowdefinition.json#",
      "contentVersion": "1.0.0.0",
      "parameters": {
        "$connections": {
          "defaultValue": {},
          "type": "Object"
        },
        "$authentication": {
          "defaultValue": {},
          "type": "SecureObject"
        },
        "HealthBotTokenAPI (ahbpa_HealthBotTokenAPI)": {
          "defaultValue": " https://healthbottokenapiservice.azurewebsites.net/v1.0/HealthBotToken",
          "type": "String",
          "metadata": {
            "schemaName": "ahbpa_HealthBotTokenAPI"
          }
        },
        "HealthBotTokenPayload (ahbpa_HealthBotTokenPayload)": {
          "defaultValue": {
            "tenantName": "healthbotteams-bxjmcdg",
            "jWTSecret": "d37faa329a1a271ba73a7a70957c266b754f0c220575c065d8a704ed5160d927"
          },
          "type": "Object",
          "metadata": {
            "schemaName": "ahbpa_HealthBotTokenPayload"
          }
        },
        "HealthBotTokenAPIKey (ahbpa_HealthBotTokenAPIKey)": {
          "defaultValue": "VuadMUdcz4EhgoS1PC6qxAJM3fDdjM1bgKaqwX0qlqARjORmLSisaQ==",
          "type": "String",
          "metadata": {
            "schemaName": "ahbpa_HealthBotTokenAPIKey"
          }
        },
        "HealthBotAPI (ahbpa_HealthBotAPI)": {
          "defaultValue": "https://bot-us.healthbot.microsoft.com/api/tenants/healthbotteams-bxjmcdg/beginScenario",
          "type": "String",
          "metadata": {
            "schemaName": "ahbpa_HealthBotAPI"
          }
        },
        "HealthBotConfirmScenarioToCall (ahbpa_HealthBotConfirmScenarioToCall)": {
          "defaultValue": "/scenarios/postconfirmationmessage",
          "type": "String",
          "metadata": {
            "schemaName": "ahbpa_HealthBotConfirmScenarioToCall"
          }
        }
      },
      "triggers": {
        "manual": {
          "metadata": {
            "operationMetadataId": "240700ee-e61e-4abe-bf41-f3998d2468a0"
          },
          "type": "Request",
          "kind": "Http",
          "inputs": {
            "schema": {
              "type": "object",
              "properties": {
                "responsedUserId": {
                  "type": "string"
                },
                "response": {
                  "type": "string"
                },
                "conversationId": {
                  "type": "string"
                }
              }
            }
          }
        }
      },
      "actions": {
        "HTTP_-_Get_Healthbot_Token": {
          "runAfter": {
            "Put_a_message_on_a_queue_(V2)": [
              "Succeeded"
            ]
          },
          "metadata": {
            "operationMetadataId": "13175e78-cabe-4493-91e9-ced20f6e2d04"
          },
          "type": "Http",
          "inputs": {
            "method": "POST",
            "uri": "@parameters('HealthBotTokenAPI (ahbpa_HealthBotTokenAPI)')",
            "headers": {
              "x-functions-key": "@parameters('HealthBotTokenAPIKey (ahbpa_HealthBotTokenAPIKey)')"
            },
            "body": "@parameters('HealthBotTokenPayload (ahbpa_HealthBotTokenPayload)')"
          }
        },
        "Parse_JSON_-_Healthbot_Token": {
          "runAfter": {
            "HTTP_-_Get_Healthbot_Token": [
              "Succeeded"
            ]
          },
          "metadata": {
            "operationMetadataId": "56df3874-4bdf-4f72-a04e-078465c35163"
          },
          "type": "ParseJson",
          "inputs": {
            "content": "@body('HTTP_-_Get_Healthbot_Token')",
            "schema": {
              "type": "object",
              "properties": {
                "token": {
                  "type": "string"
                }
              }
            }
          }
        },
        "Initialize_variable_-_Store_healthbot_token": {
          "runAfter": {
            "Parse_JSON_-_Healthbot_Token": [
              "Succeeded"
            ]
          },
          "metadata": {
            "operationMetadataId": "86bf3e0f-d2b5-46c8-bb98-172549539071"
          },
          "type": "InitializeVariable",
          "inputs": {
            "variables": [
              {
                "name": "varJWTToken",
                "type": "string",
                "value": "@body('Parse_JSON_-_Healthbot_Token')?['token']"
              }
            ]
          }
        },
        "Get_other_users_from_DataVerse": {
          "runAfter": {
            "Condition_-_if_response_equal_to_ME": [
              "Succeeded"
            ]
          },
          "metadata": {
            "operationMetadataId": "dfdbd4cf-9b1b-42c0-a933-91d281ec3480"
          },
          "type": "OpenApiConnection",
          "inputs": {
            "host": {
              "connectionName": "shared_commondataserviceforapps_1",
              "operationId": "ListRecords",
              "apiId": "/providers/Microsoft.PowerApps/apis/shared_commondataserviceforapps"
            },
            "parameters": {
              "entityName": "ahbpa_teamsuserconversationcontexts",
              "$select": "ahbpa_botid,ahbpa_channelid,ahbpa_conversationid,ahbpa_serviceurl,ahbpa_user_aadobjectid,ahbpa_userid",
              "$filter": "ahbpa_userid ne '@{triggerBody()?['responsedUserId']}'"
            },
            "authentication": "@parameters('$authentication')"
          }
        },
        "Apply_to_each_-_For_each_user": {
          "foreach": "@body('Parse_JSON_-_Value_Array')",
          "actions": {
            "HTTP_-_Post_confirmation_message_to_other_users": {
              "runAfter": {},
              "metadata": {
                "operationMetadataId": "fb4aa62d-8d2e-4b4c-830b-6b6375cc2469"
              },
              "type": "Http",
              "inputs": {
                "method": "POST",
                "uri": "@parameters('HealthBotAPI (ahbpa_HealthBotAPI)')",
                "headers": {
                  "Authorization": "Bearer @{variables('varJWTToken')}"
                },
                "body": {
                  "address": {
                    "user": {
                      "id": "@{items('Apply_to_each_-_For_each_user')?['ahbpa_userid']}",
                      "aadObjectId": "@{items('Apply_to_each_-_For_each_user')?['ahbpa_user_aadobjectid']}"
                    },
                    "bot": {
                      "id": "@{items('Apply_to_each_-_For_each_user')?['ahbpa_botid']}"
                    },
                    "conversation": {
                      "id": "@{items('Apply_to_each_-_For_each_user')?['ahbpa_conversationid']}",
                      "isGroup": true,
                      "conversationType": "channel"
                    },
                    "channelId": "@{items('Apply_to_each_-_For_each_user')?['ahbpa_channelid']}",
                    "serviceUrl": "@{items('Apply_to_each_-_For_each_user')?['ahbpa_serviceurl']}"
                  },
                  "scenario": "@{variables('varScenarioToCall')}",
                  "args": {
                    "messageToPost": "@{Concat(variables('varResponse'),' will pickup. Thank you!')}"
                  }
                }
              }
            }
          },
          "runAfter": {
            "Initialize_variable_-_Store_healthbot_token": [
              "Succeeded"
            ]
          },
          "metadata": {
            "operationMetadataId": "6e598a44-eb94-475f-a564-a765d405e1b5"
          },
          "type": "Foreach"
        },
        "Initialize_variable_-_Healthbot_Scenario": {
          "runAfter": {},
          "metadata": {
            "operationMetadataId": "6ccca46f-768f-407c-84ba-ec174c2c82a6"
          },
          "type": "InitializeVariable",
          "inputs": {
            "variables": [
              {
                "name": "varScenarioToCall",
                "type": "string",
                "value": "@parameters('HealthBotConfirmScenarioToCall (ahbpa_HealthBotConfirmScenarioToCall)')"
              }
            ]
          }
        },
        "Parse_JSON_-_Value_Array": {
          "runAfter": {
            "Get_other_users_from_DataVerse": [
              "Succeeded"
            ]
          },
          "metadata": {
            "operationMetadataId": "926a0c2a-9802-4b18-a99f-92bf15acd735"
          },
          "type": "ParseJson",
          "inputs": {
            "content": "@outputs('Get_other_users_from_DataVerse')?['body/value']",
            "schema": {
              "type": "array",
              "items": {
                "type": "object",
                "properties": {
                  "@@odata.type": {
                    "type": "string"
                  },
                  "@@odata.id": {
                    "type": "string"
                  },
                  "@@odata.etag": {
                    "type": "string"
                  },
                  "@@odata.editLink": {
                    "type": "string"
                  },
                  "ahbpa_botid": {
                    "type": "string"
                  },
                  "ahbpa_channelid": {
                    "type": "string"
                  },
                  "ahbpa_conversationid": {
                    "type": "string"
                  },
                  "ahbpa_serviceurl": {
                    "type": "string"
                  },
                  "ahbpa_user_aadobjectid": {
                    "type": "string"
                  },
                  "ahbpa_userid": {
                    "type": "string"
                  },
                  "ahbpa_teamsuserconversationcontextid@odata.type": {
                    "type": "string"
                  },
                  "ahbpa_teamsuserconversationcontextid": {
                    "type": "string"
                  }
                },
                "required": [
                  "@@odata.type",
                  "@@odata.id",
                  "@@odata.etag",
                  "@@odata.editLink",
                  "ahbpa_botid",
                  "ahbpa_channelid",
                  "ahbpa_conversationid",
                  "ahbpa_serviceurl",
                  "ahbpa_user_aadobjectid",
                  "ahbpa_userid",
                  "ahbpa_teamsuserconversationcontextid@odata.type",
                  "ahbpa_teamsuserconversationcontextid"
                ]
              }
            }
          }
        },
        "Initialize_variable": {
          "runAfter": {
            "Initialize_variable_-_Healthbot_Scenario": [
              "Succeeded"
            ]
          },
          "metadata": {
            "operationMetadataId": "edf43abe-4c08-45e1-889e-c80d7f2baa01"
          },
          "type": "InitializeVariable",
          "inputs": {
            "variables": [
              {
                "name": "varResponse",
                "type": "string",
                "value": "@triggerBody()?['response']"
              }
            ]
          }
        },
        "Condition_-_if_response_equal_to_ME": {
          "actions": {
            "List_rows_-_Get_user_details": {
              "runAfter": {},
              "metadata": {
                "operationMetadataId": "665aea82-c7b9-45fb-8fda-74aeca6ed8b0"
              },
              "type": "OpenApiConnection",
              "inputs": {
                "host": {
                  "connectionName": "shared_commondataserviceforapps_1",
                  "operationId": "ListRecords",
                  "apiId": "/providers/Microsoft.PowerApps/apis/shared_commondataserviceforapps"
                },
                "parameters": {
                  "entityName": "ahbpa_teamsuserconversationcontexts",
                  "$select": "ahbpa_botid,ahbpa_channelid,ahbpa_conversationid,ahbpa_serviceurl,ahbpa_user_aadobjectid,ahbpa_userid",
                  "$filter": "ahbpa_userid eq '@{triggerBody()?['responsedUserId']}'",
                  "$top": 1
                },
                "authentication": "@parameters('$authentication')"
              }
            },
            "Parse_JSON": {
              "runAfter": {
                "List_rows_-_Get_user_details": [
                  "Succeeded"
                ]
              },
              "metadata": {
                "operationMetadataId": "e1ea0717-af16-4783-a84d-26bd47a4c2ff"
              },
              "type": "ParseJson",
              "inputs": {
                "content": "@outputs('List_rows_-_Get_user_details')?['body/value']",
                "schema": {
                  "type": "array",
                  "items": {
                    "type": "object",
                    "properties": {
                      "@@odata.type": {
                        "type": "string"
                      },
                      "@@odata.id": {
                        "type": "string"
                      },
                      "@@odata.etag": {
                        "type": "string"
                      },
                      "@@odata.editLink": {
                        "type": "string"
                      },
                      "ahbpa_botid": {
                        "type": "string"
                      },
                      "ahbpa_channelid": {
                        "type": "string"
                      },
                      "ahbpa_conversationid": {
                        "type": "string"
                      },
                      "ahbpa_serviceurl": {
                        "type": "string"
                      },
                      "ahbpa_user_aadobjectid": {
                        "type": "string"
                      },
                      "ahbpa_userid": {
                        "type": "string"
                      },
                      "ahbpa_teamsuserconversationcontextid@odata.type": {
                        "type": "string"
                      },
                      "ahbpa_teamsuserconversationcontextid": {
                        "type": "string"
                      }
                    },
                    "required": [
                      "@@odata.type",
                      "@@odata.id",
                      "@@odata.etag",
                      "@@odata.editLink",
                      "ahbpa_botid",
                      "ahbpa_channelid",
                      "ahbpa_conversationid",
                      "ahbpa_serviceurl",
                      "ahbpa_user_aadobjectid",
                      "ahbpa_userid",
                      "ahbpa_teamsuserconversationcontextid@odata.type",
                      "ahbpa_teamsuserconversationcontextid"
                    ]
                  }
                }
              }
            },
            "Apply_to_each": {
              "foreach": "@body('Parse_JSON')",
              "actions": {
                "Get_user_profile_(V2)": {
                  "runAfter": {},
                  "metadata": {
                    "operationMetadataId": "9f56f975-e536-413d-b212-0e4f6a2900b6"
                  },
                  "type": "OpenApiConnection",
                  "inputs": {
                    "host": {
                      "connectionName": "shared_office365users",
                      "operationId": "UserProfile_V2",
                      "apiId": "/providers/Microsoft.PowerApps/apis/shared_office365users"
                    },
                    "parameters": {
                      "id": "@items('Apply_to_each')['ahbpa_user_aadobjectid']"
                    },
                    "authentication": "@parameters('$authentication')"
                  }
                },
                "Set_variable": {
                  "runAfter": {
                    "Get_user_profile_(V2)": [
                      "Succeeded"
                    ]
                  },
                  "metadata": {
                    "operationMetadataId": "ac007103-bd33-49b2-b8b2-140d31d3a403"
                  },
                  "type": "SetVariable",
                  "inputs": {
                    "name": "varResponse",
                    "value": "@{concat (outputs('Get_user_profile_(V2)')?['body/displayName'])}"
                  }
                }
              },
              "runAfter": {
                "Parse_JSON": [
                  "Succeeded"
                ]
              },
              "metadata": {
                "operationMetadataId": "d41b921f-cc4c-4d66-a9df-b848a9be9f8d"
              },
              "type": "Foreach"
            }
          },
          "runAfter": {
            "Initialize_variable": [
              "Succeeded"
            ]
          },
          "expression": {
            "equals": [
              "@toLower(triggerBody()?['response'])",
              "me"
            ]
          },
          "metadata": {
            "operationMetadataId": "f08d2f5b-87eb-4e06-8168-14ce4a9ef393"
          },
          "type": "If"
        },
        "Put_a_message_on_a_queue_(V2)": {
          "runAfter": {
            "Parse_JSON_-_Value_Array": [
              "Succeeded"
            ]
          },
          "metadata": {
            "operationMetadataId": "4c8d687c-8a10-4f41-ae8d-ccfe5a1bd6f6"
          },
          "type": "OpenApiConnection",
          "inputs": {
            "host": {
              "connectionName": "shared_azurequeues",
              "operationId": "PutMessage_V2",
              "apiId": "/providers/Microsoft.PowerApps/apis/shared_azurequeues"
            },
            "parameters": {
              "storageAccountName": "AccountNameFromSettings",
              "queueName": "responses",
              "message": "{\n    \"responsedUserId\":\"@{triggerBody()?['responsedUserId']}\",\n    \"response\":\"@{triggerBody()?['response']}\",\n    \"conversationId\":\"@{triggerBody()?['conversationId']}\"\n}"
            },
            "authentication": "@parameters('$authentication')"
          }
        }
      },
      "outputs": {}
    }
  },
  "schemaVersion": "1.0.0.0"
}