{
  "properties": {
    "connectionReferences": {
      "shared_commondataserviceforapps_1": {
        "runtimeSource": "embedded",
        "connection": {
          "connectionReferenceLogicalName": "ahbpa_sharedcommondataserviceforapps_347f7"
        },
        "api": {
          "name": "shared_commondataserviceforapps"
        }
      },
      "shared_commondataserviceforapps": {
        "runtimeSource": "embedded",
        "connection": {
          "connectionReferenceLogicalName": "rssbot_sharedcommondataserviceforapps_f3aee"
        },
        "api": {
          "name": "shared_commondataserviceforapps"
        }
      }
    },
    "definition": {
      "$schema": "https://schema.management.azure.com/providers/Microsoft.Logic/schemas/2016-06-01/workflowdefinition.json#",
      "contentVersion": "1.0.0.0",
      "parameters": {
        "$connections": {
          "defaultValue": {},
          "type": "Object"
        },
        "$authentication": {
          "defaultValue": {},
          "type": "SecureObject"
        }
      },
      "triggers": {
        "manual": {
          "metadata": {
            "operationMetadataId": "d9f34946-ab05-4402-b01c-442703c1c53c"
          },
          "type": "Request",
          "kind": "Http",
          "inputs": {
            "schema": {
              "type": "object",
              "properties": {
                "activityId": {
                  "type": "string"
                },
                "user": {
                  "type": "object",
                  "properties": {
                    "id": {
                      "type": "string"
                    },
                    "name": {
                      "type": "string"
                    },
                    "aadObjectId": {
                      "type": "string"
                    },
                    "apim_correlation_id": {
                      "type": "string"
                    }
                  }
                },
                "bot": {
                  "type": "object",
                  "properties": {
                    "id": {
                      "type": "string"
                    },
                    "name": {
                      "type": "string"
                    }
                  }
                },
                "conversation": {
                  "type": "object",
                  "properties": {
                    "conversationType": {
                      "type": "string"
                    },
                    "tenantId": {
                      "type": "string"
                    },
                    "id": {
                      "type": "string"
                    }
                  }
                },
                "channelId": {
                  "type": "string"
                },
                "locale": {
                  "type": "string"
                },
                "serviceUrl": {
                  "type": "string"
                }
              }
            }
          }
        }
      },
      "actions": {
        "Parse_JSON": {
          "runAfter": {},
          "metadata": {
            "operationMetadataId": "2c08c2c0-edef-41d4-9964-637303e0a633"
          },
          "type": "ParseJson",
          "inputs": {
            "content": "@triggerBody()",
            "schema": {
              "type": "object",
              "properties": {
                "activityId": {
                  "type": "string"
                },
                "user": {
                  "type": "object",
                  "properties": {
                    "id": {
                      "type": "string"
                    },
                    "name": {
                      "type": "string"
                    },
                    "aadObjectId": {
                      "type": "string"
                    },
                    "apim_correlation_id": {
                      "type": "string"
                    }
                  }
                },
                "bot": {
                  "type": "object",
                  "properties": {
                    "id": {
                      "type": "string"
                    },
                    "name": {
                      "type": "string"
                    }
                  }
                },
                "conversation": {
                  "type": "object",
                  "properties": {
                    "conversationType": {
                      "type": "string"
                    },
                    "tenantId": {
                      "type": "string"
                    },
                    "id": {
                      "type": "string"
                    }
                  }
                },
                "channelId": {
                  "type": "string"
                },
                "locale": {
                  "type": "string"
                },
                "serviceUrl": {
                  "type": "string"
                }
              }
            }
          }
        },
        "List_rows": {
          "runAfter": {
            "Parse_JSON": [
              "Succeeded"
            ]
          },
          "metadata": {
            "operationMetadataId": "9ad4a530-2e11-4b87-aff1-509411c48c57"
          },
          "type": "OpenApiConnection",
          "inputs": {
            "host": {
              "connectionName": "shared_commondataserviceforapps_1",
              "operationId": "ListRecords",
              "apiId": "/providers/Microsoft.PowerApps/apis/shared_commondataserviceforapps"
            },
            "parameters": {
              "entityName": "ahbpa_teamsuserconversationcontexts",
              "$select": "ahbpa_botid,ahbpa_channelid,ahbpa_conversationid,ahbpa_serviceurl,ahbpa_user_aadobjectid,ahbpa_userid",
              "$filter": "ahbpa_userid eq '@{body('Parse_JSON')?['user']?['id']}' and ahbpa_conversationid eq '@{body('Parse_JSON')?['conversation']?['id']}' "
            },
            "authentication": "@parameters('$authentication')"
          }
        },
        "Condition": {
          "actions": {
            "Add_values_to_DataVerse": {
              "runAfter": {},
              "metadata": {
                "operationMetadataId": "e048abe3-e41f-4bcf-aec7-8caa3aac044d"
              },
              "type": "OpenApiConnection",
              "inputs": {
                "host": {
                  "connectionName": "shared_commondataserviceforapps",
                  "operationId": "CreateRecord",
                  "apiId": "/providers/Microsoft.PowerApps/apis/shared_commondataserviceforapps"
                },
                "parameters": {
                  "entityName": "ahbpa_teamsuserconversationcontexts",
                  "item/ahbpa_botid": "@body('Parse_JSON')?['bot']?['id']",
                  "item/ahbpa_channelid": "@body('Parse_JSON')?['channelId']",
                  "item/ahbpa_channelname": "general",
                  "item/ahbpa_conversationid": "@body('Parse_JSON')?['conversation']?['id']",
                  "item/ahbpa_serviceurl": "@body('Parse_JSON')?['serviceUrl']",
                  "item/ahbpa_teamname": "contoso",
                  "item/ahbpa_tenantid": "@body('Parse_JSON')?['conversation']?['tenantId']",
                  "item/ahbpa_user_aadobjectid": "@body('Parse_JSON')?['user']?['aadObjectId']",
                  "item/ahbpa_userid": "@body('Parse_JSON')?['user']?['id']"
                },
                "authentication": "@parameters('$authentication')"
              }
            }
          },
          "runAfter": {
            "List_rows": [
              "Succeeded"
            ]
          },
          "expression": {
            "and": [
              {
                "equals": [
                  "@length(outputs('List_rows')?['body/value'])",
                  0
                ]
              },
              {
                "not": {
                  "equals": [
                    "@toLower(triggerBody()?['channelId'])",
                    "directline"
                  ]
                }
              }
            ]
          },
          "metadata": {
            "operationMetadataId": "a1e56b70-b2da-4e8b-9b32-4eeea760632f"
          },
          "type": "If"
        }
      },
      "outputs": {}
    }
  },
  "schemaVersion": "1.0.0.0"
}