<environmentvariabledefinition schemaname="ahbpa_HealthBotAPI">
  <defaultvalue>https://bot-us.healthbot.microsoft.com/api/tenants/healthbotteams-bxjmcdg/beginScenario</defaultvalue>
  <displayname default="HealthBotAPI">
    <label description="HealthBotAPI" languagecode="1033" />
  </displayname>
  <introducedversion>1.0.0.0</introducedversion>
  <iscustomizable>1</iscustomizable>
  <isrequired>0</isrequired>
  <secretstore>0</secretstore>
  <type>100000000</type>
</environmentvariabledefinition>