<environmentvariabledefinition schemaname="ahbpa_HealthBotTokenPayload">
  <defaultvalue>{     "tenantName":"healthbotteams-bxjmcdg",     "jWTSecret":"d37faa329a1a271ba73a7a70957c266b754f0c220575c065d8a704ed5160d927" }</defaultvalue>
  <displayname default="HealthBotTokenPayload">
    <label description="HealthBotTokenPayload" languagecode="1033" />
  </displayname>
  <introducedversion>1.0.0.0</introducedversion>
  <iscustomizable>1</iscustomizable>
  <isrequired>0</isrequired>
  <secretstore>0</secretstore>
  <type>100000003</type>
</environmentvariabledefinition>