<environmentvariabledefinition schemaname="ahbpa_HealthBotTokenPayload">
  <defaultvalue>{     "tenantName":"{{HEALTHBOT TENANT}}",     "jWTSecret":"{{HEALTH BOT JWT TOKEN}}" }</defaultvalue>
  <displayname default="HealthBotTokenPayload">
    <label description="HealthBotTokenPayload" languagecode="1033" />
  </displayname>
  <introducedversion>1.0.0.0</introducedversion>
  <iscustomizable>1</iscustomizable>
  <isrequired>0</isrequired>
  <secretstore>0</secretstore>
  <type>100000003</type>
</environmentvariabledefinition>