<environmentvariabledefinition schemaname="ahbpa_HealthBotTokenAPIKey">
  <defaultvalue>VuadMUdcz4EhgoS1PC6qxAJM3fDdjM1bgKaqwX0qlqARjORmLSisaQ==</defaultvalue>
  <displayname default="HealthBotTokenAPIKey">
    <label description="HealthBotTokenAPIKey" languagecode="1033" />
  </displayname>
  <introducedversion>1.0.0.0</introducedversion>
  <iscustomizable>1</iscustomizable>
  <isrequired>0</isrequired>
  <secretstore>0</secretstore>
  <type>100000000</type>
</environmentvariabledefinition>