{
 "name": "Hello_teams",
 "id": "312ca5b9-6a68-4727-b596-14400457f8ba",
 "scenario_trigger": "hello_teams",
 "description": "",
 "active": true,
 "updated": "2022-04-11T12:55:58.180Z",
 "userDisplayName": "Kidambi",
 "code": "{\"version\":3,\"steps\":[{\"id\":\"d5d4e3557973-adffd8c6aad9f20e-3f5a\",\"type\":\"statement\",\"designer\":{\"xLocation\":480,\"yLocation\":89,\"next\":\"e6778d3ca09c-3a659d5be41c437b-551a\"},\"text\":\"Welcome to HealthBot Messaging System.\",\"stringId\":\"stringId_c05e16f692a05b99\"},{\"id\":\"e6778d3ca09c-3a659d5be41c437b-551a\",\"type\":\"assignVariable\",\"designer\":{\"xLocation\":480,\"yLocation\":194,\"next\":\"880805a9bdef-73a3ed3d6e84d173-5def\"},\"scope\":\"scenario\",\"operation\":\"set\",\"variable\":\"varTeamsContext\",\"value\":\"session.message.address\"},{\"id\":\"880805a9bdef-73a3ed3d6e84d173-5def\",\"type\":\"datasource\",\"designer\":{\"xLocation\":470,\"yLocation\":300},\"dataConnection\":\"\",\"urlBase\":\"getEnv(\\\"SaveTeamsContextFlowUrl\\\")\",\"urlPath\":\"\",\"urlParams\":\"\",\"contentType\":\"raw\",\"method\":\"post\",\"headers\":\"{\\r\\n    \\\"Content-Type\\\":\\\"application/json\\\"\\r\\n}\",\"payload\":\"scenario.varTeamsContext\",\"opJson\":true,\"opResolveWithFullResponse\":false,\"error\":\"errorSaveTeamsContext\",\"response\":\"savedTeamsContext\"}],\"breaking\":false,\"interrupting\":false,\"returningMessage\":\"\"}"
}