{
 "name": "postnewmessage",
 "id": "97be1fec-4fbb-4a63-893a-b97e5feec513",
 "scenario_trigger": "postnewmessage",
 "description": "",
 "active": true,
 "updated": "2022-04-11T14:14:44.929Z",
 "userDisplayName": "Kidambi",
 "code": "{\"version\":3,\"steps\":[{\"id\":\"894abd81f892-7967d793a6deae4f-736c\",\"type\":\"prompt\",\"dataType\":\"object\",\"designer\":{\"xLocation\":420,\"yLocation\":120,\"next\":\"1c1a9f7fcd0c-3514f36e0846d779-9950\"},\"variable\":\"varUserResponse\",\"submitTitle\":\"Submit\",\"stringId\":\"stringId_16daea49f1d2a323\",\"layout\":\"vertical\",\"attachment\":[{\"type\":\"AdaptiveCard\",\"cardCode\":\"{\\r\\n    \\\"$schema\\\": \\\"http://adaptivecards.io/schemas/adaptive-card.json\\\",\\r\\n    \\\"type\\\": \\\"AdaptiveCard\\\",\\r\\n    \\\"version\\\": \\\"1.4\\\",\\r\\n    \\\"body\\\": [\\r\\n        {\\r\\n            \\\"type\\\": \\\"TextBlock\\\",\\r\\n            \\\"text\\\": \\\"Visitor Announcement\\\",\\r\\n            \\\"size\\\": \\\"Medium\\\",\\r\\n            \\\"weight\\\": \\\"Bolder\\\",\\r\\n            \\\"wrap\\\": true\\r\\n        },\\r\\n        {\\r\\n            \\\"type\\\": \\\"TextBlock\\\",\\r\\n            \\\"text\\\": scenario.scenarioArgs.messageToPost,\\r\\n            \\\"wrap\\\": true\\r\\n        }\\r\\n    ],\\r\\n    \\\"actions\\\": [\\r\\n        {\\r\\n            \\\"type\\\": \\\"Action.ShowCard\\\",\\r\\n            \\\"title\\\": \\\"Assign Request\\\",\\r\\n            \\\"card\\\": {\\r\\n                \\\"type\\\": \\\"AdaptiveCard\\\",\\r\\n                \\\"body\\\": [\\r\\n                     {\\r\\n                        \\\"type\\\": \\\"Input.ChoiceSet\\\",\\r\\n                        \\\"id\\\": \\\"MeOrOther\\\",\\r\\n                        \\\"style\\\": \\\"expanded\\\",\\r\\n                        \\\"label\\\": \\\"Who should we assign this to?\\\",\\r\\n                        \\\"isRequired\\\": true,\\r\\n                        \\\"errorMessage\\\": \\\"Please choose an option\\\",\\r\\n                        \\\"choices\\\": [\\r\\n                            {\\r\\n                                \\\"title\\\": \\\"Me\\\",\\r\\n                                \\\"value\\\": \\\"Me\\\"\\r\\n                            },\\r\\n                            {\\r\\n                                \\\"title\\\": \\\"Someone Else\\\",\\r\\n                                \\\"value\\\": \\\"SomeoneElse\\\"\\r\\n                            }\\r\\n                        ]\\r\\n                    },\\r\\n                    {\\r\\n                        \\\"type\\\": \\\"Input.Text\\\",\\r\\n                        \\\"id\\\": \\\"AssignTo\\\",\\r\\n                        \\\"isMultiline\\\": true,\\r\\n                        \\\"label\\\": \\\"Someone else:\\\"\\r\\n                    }\\r\\n                ],\\r\\n                \\\"actions\\\": [\\r\\n                    {\\r\\n                        \\\"type\\\": \\\"Action.Submit\\\",\\r\\n                        \\\"title\\\": \\\"OK\\\",\\r\\n                        \\\"data\\\": {\\r\\n                            \\\"AssignTo\\\": \\\"Me\\\",\\r\\n                            \\\"MeOrOther\\\" : \\\"Me\\\"\\r\\n                        }\\r\\n                    }\\r\\n                ]\\r\\n            }\\r\\n        }\\r\\n    ]\\r\\n}\"}]},{\"id\":\"1c1a9f7fcd0c-3514f36e0846d779-9950\",\"type\":\"datasource\",\"designer\":{\"xLocation\":420,\"yLocation\":240},\"dataConnection\":\"\",\"urlBase\":\"getEnv(\\\"SaveUserResponseFlowUrl\\\")\",\"urlPath\":\"\",\"urlParams\":\"\",\"contentType\":\"raw\",\"method\":\"post\",\"headers\":\"{\\r\\n    \\\"Content-Type\\\":\\\"application/json\\\"\\r\\n}\",\"payload\":\"{\\r\\n    \\\"responsedUserId\\\":scenario.scenarioArgs.userId,\\r\\n    \\\"response\\\":scenario.varUserResponse.AssignTo,\\r\\n    \\\"conversationId\\\":scenario.scenarioArgs.conversationId\\r\\n}\",\"opJson\":true,\"opResolveWithFullResponse\":false,\"response\":\"confirmMessage\",\"error\":\"errorConfirmMessage\"}],\"breaking\":false,\"interrupting\":false,\"returningMessage\":\"\"}"
}