{
 "name": "PostConfirmationMessage",
 "id": "c2e0a9ed-2526-4df4-9aca-88342079be68",
 "scenario_trigger": "postconfirmationmessage",
 "description": "",
 "active": true,
 "updated": "2022-04-11T02:49:58.780Z",
 "userDisplayName": "Kidambi",
 "code": "{\"version\":3,\"steps\":[{\"id\":\"0984fcc8bf06-dc349fccd0809860-ae26\",\"type\":\"statement\",\"designer\":{\"xLocation\":400,\"yLocation\":116},\"text\":\"scenario.scenarioArgs.messageToPost\",\"stringId\":\"stringId_2f1aca9b1472da16\"}],\"breaking\":false,\"interrupting\":false,\"returningMessage\":\"\"}"
}