<environmentvariabledefinition schemaname="ahbpa_UserResponseStorageQueueKey">
  <defaultvalue>suBcGqowutL+zyP+SgGdtAiz0QJhWcSTQWAB+S7I9dSi/AE/foYncJz2ziGirGl9juUI5Hkbt0gA+AStwBxGHQ==</defaultvalue>
  <displayname default="UserResponseStorageQueueKey">
    <label description="UserResponseStorageQueueKey" languagecode="1033" />
  </displayname>
  <introducedversion>1.0.0.0</introducedversion>
  <iscustomizable>1</iscustomizable>
  <isrequired>0</isrequired>
  <secretstore>0</secretstore>
  <type>100000000</type>
</environmentvariabledefinition>