<environmentvariabledefinition schemaname="ahbpa_HealthBotConfirmScenarioToCall">
  <defaultvalue>/scenarios/postconfirmationmessage</defaultvalue>
  <displayname default="HealthBotConfirmScenarioToCall">
    <label description="HealthBotConfirmScenarioToCall" languagecode="1033" />
  </displayname>
  <introducedversion>1.0.0.0</introducedversion>
  <iscustomizable>1</iscustomizable>
  <isrequired>0</isrequired>
  <secretstore>0</secretstore>
  <type>100000000</type>
</environmentvariabledefinition>