<environmentvariabledefinition schemaname="ahbpa_HealthBotTokenAPI">
  <defaultvalue> https://healthbottokenapiservice.azurewebsites.net/v1.0/HealthBotToken</defaultvalue>
  <displayname default="HealthBotTokenAPI">
    <label description="HealthBotTokenAPI" languagecode="1033" />
  </displayname>
  <introducedversion>1.0.0.0</introducedversion>
  <iscustomizable>1</iscustomizable>
  <isrequired>0</isrequired>
  <secretstore>0</secretstore>
  <type>100000000</type>
</environmentvariabledefinition>